[
    {
        "id": "9904a98b01468544",
        "type": "tab",
        "label": "Assignment-6-Final",
        "disabled": false,
        "info": "",
        "env": []
    },
    {
        "id": "b0de6c8c5a2d76ec",
        "type": "inject",
        "z": "9904a98b01468544",
        "name": "",
        "props": [
            {
                "p": "payload"
            }
        ],
        "repeat": "",
        "crontab": "",
        "once": false,
        "onceDelay": 0.1,
        "topic": "",
        "payload": "",
        "payloadType": "date",
        "x": 180,
        "y": 120,
        "wires": [
            [
                "c64399a516800525"
            ]
        ]
    },
    {
        "id": "c64399a516800525",
        "type": "file in",
        "z": "9904a98b01468544",
        "name": "",
        "filename": "/home/jaxs/Desktop/Python/Internet Of Things/2024-assignment06-meysam-jamali-main/dataset.json",
        "filenameType": "str",
        "format": "utf8",
        "chunk": false,
        "sendError": false,
        "encoding": "none",
        "allProps": false,
        "x": 770,
        "y": 120,
        "wires": [
            [
                "151911c8cb5df898"
            ]
        ],
        "info": "The absoulte path should be substitued to the desire location"
    },
    {
        "id": "151911c8cb5df898",
        "type": "json",
        "z": "9904a98b01468544",
        "name": "",
        "property": "payload",
        "action": "obj",
        "pretty": false,
        "x": 190,
        "y": 240,
        "wires": [
            [
                "e4269c6baa57fe02"
            ]
        ]
    },
    {
        "id": "e4269c6baa57fe02",
        "type": "split",
        "z": "9904a98b01468544",
        "name": "",
        "splt": "\\n",
        "spltType": "str",
        "arraySplt": 1,
        "arraySpltType": "len",
        "stream": false,
        "addname": "",
        "x": 330,
        "y": 240,
        "wires": [
            [
                "6040d1c83cbc8c2b"
            ]
        ]
    },
    {
        "id": "6040d1c83cbc8c2b",
        "type": "switch",
        "z": "9904a98b01468544",
        "name": "",
        "property": "payload.userid",
        "propertyType": "msg",
        "rules": [
            {
                "t": "eq",
                "v": "2",
                "vt": "str"
            }
        ],
        "checkall": "true",
        "repair": false,
        "outputs": 1,
        "x": 470,
        "y": 240,
        "wires": [
            [
                "066b2bf695c4d90a"
            ]
        ]
    },
    {
        "id": "2faf25a295b3227b",
        "type": "mqtt out",
        "z": "9904a98b01468544",
        "name": "",
        "topic": "/dibris/useridK",
        "qos": "",
        "retain": "",
        "respTopic": "",
        "contentType": "",
        "userProps": "",
        "correl": "",
        "expiry": "",
        "broker": "bd9eb94e.1eb41",
        "x": 1020,
        "y": 240,
        "wires": []
    },
    {
        "id": "68dba6c3f71557b3",
        "type": "mqtt in",
        "z": "9904a98b01468544",
        "name": "",
        "topic": "/dibris/useridK",
        "qos": "2",
        "datatype": "auto-detect",
        "broker": "bd9eb94e.1eb41",
        "nl": false,
        "rap": true,
        "rh": 0,
        "inputs": 0,
        "x": 290,
        "y": 380,
        "wires": [
            [
                "07545789585d9969",
                "df7bca9868998eba",
                "56b9915b18d2b211",
                "7e72c155d82ee23a",
                "b3b25a22f1647dde"
            ]
        ]
    },
    {
        "id": "b3b25a22f1647dde",
        "type": "ui_text",
        "z": "9904a98b01468544",
        "group": "825572516836027a",
        "order": 0,
        "width": 0,
        "height": 0,
        "name": "",
        "label": "Date:",
        "format": "6/29/2022, 9:39:05 AM",
        "layout": "row-left",
        "className": "",
        "style": true,
        "font": "",
        "fontSize": 16,
        "color": "#ffffff",
        "x": 610,
        "y": 460,
        "wires": []
    },
    {
        "id": "07545789585d9969",
        "type": "ui_gauge",
        "z": "9904a98b01468544",
        "name": "",
        "group": "8775073a77d19234",
        "order": 1,
        "width": 0,
        "height": 0,
        "gtype": "gage",
        "title": "Gauge:",
        "label": "units",
        "format": "{{msg.payload.maxValue}}",
        "min": 0,
        "max": "1",
        "colors": [
            "#00b500",
            "#e6e600",
            "#ca3838"
        ],
        "seg1": "",
        "seg2": "",
        "diff": false,
        "className": "",
        "x": 620,
        "y": 340,
        "wires": []
    },
    {
        "id": "df7bca9868998eba",
        "type": "ui_chart",
        "z": "9904a98b01468544",
        "name": "",
        "group": "b5877695f01a5ec6",
        "order": 1,
        "width": 0,
        "height": 0,
        "label": "Chart",
        "chartType": "line",
        "legend": "false",
        "xformat": "HH:mm:ss",
        "interpolate": "linear",
        "nodata": "",
        "dot": false,
        "ymin": "0",
        "ymax": "1",
        "removeOlder": "62",
        "removeOlderPoints": "",
        "removeOlderUnit": "1",
        "cutout": 0,
        "useOneColor": false,
        "useUTC": false,
        "colors": [
            "#1f77b4",
            "#aec7e8",
            "#ff7f0e",
            "#2ca02c",
            "#98df8a",
            "#d62728",
            "#ff9896",
            "#9467bd",
            "#c5b0d5"
        ],
        "outputs": 1,
        "useDifferentColor": false,
        "className": "",
        "x": 610,
        "y": 380,
        "wires": [
            []
        ]
    },
    {
        "id": "aaeb4e07b91ca309",
        "type": "delay",
        "z": "9904a98b01468544",
        "name": "Delay",
        "pauseType": "rate",
        "timeout": "5",
        "timeoutUnits": "seconds",
        "rate": "1",
        "nbRateUnits": "1",
        "rateUnits": "second",
        "randomFirst": "1",
        "randomLast": "5",
        "randomUnits": "seconds",
        "drop": false,
        "allowrate": false,
        "outputs": 1,
        "x": 830,
        "y": 240,
        "wires": [
            [
                "2faf25a295b3227b"
            ]
        ]
    },
    {
        "id": "56b9915b18d2b211",
        "type": "debug",
        "z": "9904a98b01468544",
        "name": "Debug",
        "active": true,
        "tosidebar": true,
        "console": false,
        "tostatus": false,
        "complete": "payload",
        "targetType": "msg",
        "statusVal": "",
        "statusType": "auto",
        "x": 610,
        "y": 520,
        "wires": []
    },
    {
        "id": "066b2bf695c4d90a",
        "type": "function",
        "z": "9904a98b01468544",
        "name": "sensorValueSender",
        "func": "// Extract payload values\nvar values = msg.payload.value;\nvar userid = msg.payload.userid;\n\n// Calculate the maximum value\nvar maxValue = Math.max.apply(null, values);\n\n// Set the topic for the y data\nvar yTopic = \"User\" + userid;\n\n// Iterate over the values and send each one to the chart\nfor (var i = 0; i < values.length; i++) {\n    var yMsg = {\n        payload: values[i],\n        topic: yTopic,\n    };\n    \n    // Log the message before sending it\n    console.log(yMsg);\n    node.send(yMsg);\n}\n\n// Send the maximum value to the gauge\nvar gaugeMsg = {\n    payload: maxValue,\n    topic: \"MaxValue\"\n};\nnode.send(gaugeMsg);\n\n// End the function without returning anything\nreturn null;\n",
        "outputs": 1,
        "timeout": 0,
        "noerr": 0,
        "initialize": "",
        "finalize": "",
        "libs": [],
        "x": 650,
        "y": 240,
        "wires": [
            [
                "aaeb4e07b91ca309"
            ]
        ]
    },
    {
        "id": "7e72c155d82ee23a",
        "type": "ui_text",
        "z": "9904a98b01468544",
        "group": "825572516836027a",
        "order": 1,
        "width": "0",
        "height": "0",
        "name": "",
        "label": "Userid:",
        "format": "2",
        "layout": "row-left",
        "className": "",
        "style": false,
        "font": "",
        "fontSize": 16,
        "color": "#000000",
        "x": 620,
        "y": 420,
        "wires": []
    },
    {
        "id": "bd9eb94e.1eb41",
        "type": "mqtt-broker",
        "name": "",
        "broker": "mqtt.eclipseprojects.io",
        "port": "1883",
        "clientid": "",
        "usetls": false,
        "compatmode": false,
        "keepalive": "60",
        "cleansession": true,
        "birthTopic": "",
        "birthQos": "0",
        "birthPayload": "",
        "closeTopic": "",
        "closeQos": "0",
        "closePayload": "",
        "willTopic": "",
        "willQos": "0",
        "willPayload": ""
    },
    {
        "id": "825572516836027a",
        "type": "ui_group",
        "name": "User Information",
        "tab": "f2af390a2cf80c58",
        "order": 1,
        "disp": true,
        "width": "12",
        "collapse": true,
        "className": ""
    },
    {
        "id": "8775073a77d19234",
        "type": "ui_group",
        "name": "Gauges",
        "tab": "f2af390a2cf80c58",
        "order": 3,
        "disp": true,
        "width": "6",
        "collapse": true,
        "className": ""
    },
    {
        "id": "b5877695f01a5ec6",
        "type": "ui_group",
        "name": "Charts",
        "tab": "f2af390a2cf80c58",
        "order": 1,
        "disp": true,
        "width": "6",
        "collapse": true,
        "className": "chart"
    },
    {
        "id": "f2af390a2cf80c58",
        "type": "ui_tab",
        "name": "Home",
        "icon": "dashboard",
        "order": 1,
        "disabled": false,
        "hidden": false
    }
]