[
    {
        "id": "e7cd8bb8da89ee47",
        "type": "tab",
        "label": "Flow 2",
        "disabled": false,
        "info": "",
        "env": []
    },
    {
        "id": "a4cd72a7e290cf6a",
        "type": "mqtt in",
        "z": "e7cd8bb8da89ee47",
        "name": "MQTT-Client-To-Server-Connection",
        "topic": "unige/dibris/iot23/assignment05",
        "qos": "2",
        "datatype": "auto-detect",
        "broker": "1e0f565ed02ab000",
        "nl": false,
        "rap": true,
        "rh": 0,
        "inputs": 0,
        "x": 180,
        "y": 160,
        "wires": [
            [
                "5b857de734b3a403"
            ]
        ]
    },
    {
        "id": "ddff01efa6560fd3",
        "type": "debug",
        "z": "e7cd8bb8da89ee47",
        "name": "Output",
        "active": true,
        "tosidebar": true,
        "console": false,
        "tostatus": false,
        "complete": "payload",
        "targetType": "msg",
        "statusVal": "",
        "statusType": "auto",
        "x": 830,
        "y": 160,
        "wires": []
    },
    {
        "id": "5b857de734b3a403",
        "type": "json",
        "z": "e7cd8bb8da89ee47",
        "name": "",
        "property": "payload",
        "action": "",
        "pretty": false,
        "x": 410,
        "y": 160,
        "wires": [
            [
                "14f00789285f32f4"
            ]
        ]
    },
    {
        "id": "14f00789285f32f4",
        "type": "function",
        "z": "e7cd8bb8da89ee47",
        "name": "averageCalculation",
        "func": "// Parse the JSON data from the message\nvar data = JSON.parse(msg.payload);\n\n// Initialize variables to store sum and count\nvar sumTemperature = 0;\nvar sumHumidity = 0;\nvar sumPressure = 0;\nvar count = 0;\n\n// Check if the message contains temperature, humidity, and pressure data\nif (data.temperature && data.humidity && data.pressure) {\n    // Increment the count\n    count++;\n\n    // Extract temperature, humidity, and pressure values\n    var temperature = data.temperature.value;\n    var humidity = data.humidity.value;\n    var pressure = data.pressure.value;\n\n    // Add values to sums\n    sumTemperature += temperature;\n    sumHumidity += humidity;\n    sumPressure += pressure;\n}\n\n// Calculate averages if count is not zero\nif (count > 0) {\n    // Calculate averages\n    var averageTemperature = sumTemperature / count;\n    var averageHumidity = sumHumidity / count;\n    var averagePressure = sumPressure / count;\n\n    // Create an object with average values\n    var averages = {\n        averageTemperature: averageTemperature,\n        averageHumidity: averageHumidity,\n        averagePressure: averagePressure\n    };\n\n    // Assign the averages object to the payload\n    msg.payload = averages;\n\n    // Return the message\n    return msg;\n} else {\n    // If no valid data found, return an error message\n    return { error: 'No valid sensor data found in the message' };\n}\n",
        "outputs": 1,
        "timeout": 0,
        "noerr": 0,
        "initialize": "",
        "finalize": "",
        "libs": [],
        "x": 630,
        "y": 160,
        "wires": [
            [
                "ddff01efa6560fd3"
            ]
        ]
    },
    {
        "id": "1e0f565ed02ab000",
        "type": "mqtt-broker",
        "name": "MQTT-Client-To-Server-Connection",
        "broker": "mqtt://212.78.1.205",
        "port": "1883",
        "clientid": "",
        "autoConnect": true,
        "usetls": false,
        "protocolVersion": "4",
        "keepalive": "60",
        "cleansession": true,
        "autoUnsubscribe": true,
        "birthTopic": "",
        "birthQos": "0",
        "birthRetain": "false",
        "birthPayload": "",
        "birthMsg": {},
        "closeTopic": "",
        "closeQos": "0",
        "closeRetain": "false",
        "closePayload": "",
        "closeMsg": {},
        "willTopic": "",
        "willQos": "0",
        "willRetain": "false",
        "willPayload": "",
        "willMsg": {},
        "userProps": "",
        "sessionExpiry": ""
    }
]